{"cameraMode":{"drawMode":0,"name":"Shaded","section":"Shading Mode"},"sceneLighting":true,"audioPlay":false,"sceneViewState":{"showFog":true,"showMaterialUpdate":false,"showSkybox":true,"showFlares":true,"showImageEffects":true,"showParticleSystems":true},"in2DMode":false,"pivot":{"x":-3.1443839073181154,"y":-6.534868240356445,"z":-2.3992156982421877},"rotation":{"x":-0.3813173770904541,"y":-0.12094435095787049,"z":0.050396714359521869,"w":-0.9151145219802856},"size":51.07054901123047,"orthographic":false}