{"cameraMode":{"drawMode":0,"name":"Shaded","section":"Shading Mode"},"sceneLighting":false,"audioPlay":false,"sceneViewState":{"showFog":true,"showMaterialUpdate":false,"showSkybox":false,"showFlares":true,"showImageEffects":true,"showParticleSystems":true},"in2DMode":false,"pivot":{"x":1.1920928955078126e-7,"y":1.8895275592803956,"z":-0.0633414089679718},"rotation":{"x":0.17609600722789765,"y":-0.8236600160598755,"z":0.3921082615852356,"w":0.36990588903427126},"size":4.778054714202881,"orthographic":false}