{"cameraMode":{"drawMode":0,"name":"Shaded","section":"Shading Mode"},"sceneLighting":false,"audioPlay":false,"sceneViewState":{"showFog":true,"showMaterialUpdate":false,"showSkybox":false,"showFlares":true,"showImageEffects":true,"showParticleSystems":true},"in2DMode":false,"pivot":{"x":0.09688589721918106,"y":1.106379747390747,"z":-0.32075297832489016},"rotation":{"x":0.002549902070313692,"y":-0.9948841333389282,"z":0.09762059152126312,"w":0.02597746253013611},"size":2.078054666519165,"orthographic":false}